id;color1;color2;color3;color4;likes;date
feff9a6fe8c885fedeb7abfb;#feff9a;#6fe8c8;#85fede;#b7abfb;2333;8 years
d7df710e5f76083d56081e3f;#d7df71;#0e5f76;#083d56;#081e3f;959;10 years
fc993cffe775bd46828c2057;#fc993c;#ffe775;#bd4682;#8c2057;1146;8 years
628395262a53ffa0a0ffe3e3;#628395;#262a53;#ffa0a0;#ffe3e3;7886;4 years
e0c97efcf8b3fb9378ab6088;#e0c97e;#fcf8b3;#fb9378;#ab6088;1902;9 years
f1fff1c4f0c5be37376a0000;#f1fff1;#c4f0c5;#be3737;#6a0000;2200;7 years
2543366b8a7ab7b597dad3be;#254336;#6b8a7a;#b7b597;#dad3be;8621;1 year
294b2950623a789461dbe7c9;#294b29;#50623a;#789461;#dbe7c9;9195;1 year
ffb9b9ffddd2ffacc7ff8dc7;#ffb9b9;#ffddd2;#ffacc7;#ff8dc7;18319;2 years
00ff9cb6ffa1feffa7ffe700;#00ff9c;#b6ffa1;#feffa7;#ffe700;2594;11 months
be9fe1c9b6e4e1ccecf1f1f6;#be9fe1;#c9b6e4;#e1ccec;#f1f1f6;19380;5 years
f70c9bcb007bd6e3ed99b0c2;#f70c9b;#cb007b;#d6e3ed;#99b0c2;1896;8 years
c9182bf23a3ae3f3ac44c662;#c9182b;#f23a3a;#e3f3ac;#44c662;3748;9 years
f5eb82dfb361d3775da75377;#f5eb82;#dfb361;#d3775d;#a75377;695;10 years
ebd9ddd8aed39182c4486989;#ebd9dd;#d8aed3;#9182c4;#486989;3945;10 years
09058046458ce8a9a9f4d3d3;#090580;#46458c;#e8a9a9;#f4d3d3;3825;2 years
e9e9e5d4d6c89a9b9452524e;#e9e9e5;#d4d6c8;#9a9b94;#52524e;5901;8 years
a2de963ca59d5a3d55e79c2a;#a2de96;#3ca59d;#5a3d55;#e79c2a;2761;5 years
845ec2ffc75ff9f871ff5e78;#845ec2;#ffc75f;#f9f871;#ff5e78;6374;4 years
57d1c9ed5485fffbcbffe869;#57d1c9;#ed5485;#fffbcb;#ffe869;3200;8 years
331621cc085ede7d48eeca98;#331621;#cc085e;#de7d48;#eeca98;1593;8 years
f2f4c0e4e978cad315d37815;#f2f4c0;#e4e978;#cad315;#d37815;3052;4 years
95efce2ea1d9395ea63e467f;#95efce;#2ea1d9;#395ea6;#3e467f;2331;8 years
f1eaffe5d4ffdcbfffd0a2f7;#f1eaff;#e5d4ff;#dcbfff;#d0a2f7;11161;1 year
a1ccd1f4f2dee9b3847c9d96;#a1ccd1;#f4f2de;#e9b384;#7c9d96;12902;2 years
dcdadad869c0fffd8cffbd59;#dcdada;#d869c0;#fffd8c;#ffbd59;778;9 years
ff895dd5eeff78bbe61b435d;#ff895d;#d5eeff;#78bbe6;#1b435d;3461;7 years
a62671db466bf96c48f5d773;#a62671;#db466b;#f96c48;#f5d773;1615;10 years
faf0d7ffd9c08cc0decceebc;#faf0d7;#ffd9c0;#8cc0de;#cceebc;6071;2 years
dbdbdbf0a500cf7500000000;#dbdbdb;#f0a500;#cf7500;#000000;5949;5 years
ffacacffbfa9ffebb4fbffb1;#ffacac;#ffbfa9;#ffebb4;#fbffb1;16110;2 years
ff9a76ffeadb679b9b637373;#ff9a76;#ffeadb;#679b9b;#637373;9483;5 years
e6f0b6b8e9c06384b3684949;#e6f0b6;#b8e9c0;#6384b3;#684949;1753;6 years
fcf5edf4bf96ce5a671f1717;#fcf5ed;#f4bf96;#ce5a67;#1f1717;7276;1 year
ffbd353fa7968267be502064;#ffbd35;#3fa796;#8267be;#502064;2845;3 years
f5d7a1f0a28eba6476812d58;#f5d7a1;#f0a28e;#ba6476;#812d58;4402;9 years
ace1afb0ebb4bff6c3e0fbe2;#ace1af;#b0ebb4;#bff6c3;#e0fbe2;6182;1 year
89aa97f4e3b7fff798fd7e89;#89aa97;#f4e3b7;#fff798;#fd7e89;2750;9 years
f5efe3e6e7e5f7d3baa6aa9c;#f5efe3;#e6e7e5;#f7d3ba;#a6aa9c;10181;6 years
d2f3e0feb9c8f6a7baf5fbf1;#d2f3e0;#feb9c8;#f6a7ba;#f5fbf1;5003;6 years
00bcd4b2ebf2ff5722dd2c00;#00bcd4;#b2ebf2;#ff5722;#dd2c00;7190;5 years
f2eee3baaf92785e4dff8426;#f2eee3;#baaf92;#785e4d;#ff8426;3029;8 years
f777540187900a516d2b2726;#f77754;#018790;#0a516d;#2b2726;2480;6 years
ee0e51e4dcef505458363540;#ee0e51;#e4dcef;#505458;#363540;2860;9 years
eaeaea00bdaa257aa6621e81;#eaeaea;#00bdaa;#257aa6;#621e81;2317;6 years
060047b3005ee90064ff5f9e;#060047;#b3005e;#e90064;#ff5f9e;10790;2 years
84b9effbe4c9ff5d5d952e4b;#84b9ef;#fbe4c9;#ff5d5d;#952e4b;3037;7 years
000000cf0f47ff0b55ffdede;#000000;#cf0f47;#ff0b55;#ffdede;2969;5 months
fff0f8ffc2e9cca2e1543e5c;#fff0f8;#ffc2e9;#cca2e1;#543e5c;3913;6 years
76508e482d5703c1eb86f3b8;#76508e;#482d57;#03c1eb;#86f3b8;1964;9 years
0044452c78736fb98fffd800;#004445;#2c7873;#6fb98f;#ffd800;4612;5 years
007f734ccd99ffc700fff455;#007f73;#4ccd99;#ffc700;#fff455;5062;1 year
59d5e0f5dd61faa300f4538a;#59d5e0;#f5dd61;#faa300;#f4538a;7107;1 year
e8f3d6fcf9beffdca9faab78;#e8f3d6;#fcf9be;#ffdca9;#faab78;10454;2 years
0746840ea5c6a0edf7f2efb6;#074684;#0ea5c6;#a0edf7;#f2efb6;2681;6 years
fdfdfde1eb71ecab69e36161;#fdfdfd;#e1eb71;#ecab69;#e36161;1861;7 years
f1e5d1dbb5b5c39898987070;#f1e5d1;#dbb5b5;#c39898;#987070;13598;1 year
fafafac7eeff0077c01d242b;#fafafa;#c7eeff;#0077c0;#1d242b;6421;9 years
125b50f8b400faf5e4ff6363;#125b50;#f8b400;#faf5e4;#ff6363;5678;3 years
00345902809002c39afce38a;#003459;#028090;#02c39a;#fce38a;3151;7 years
33364484577cc65f63f6e1b8;#333644;#84577c;#c65f63;#f6e1b8;3181;7 years
241e925432d37b6cf6e5a5ff;#241e92;#5432d3;#7b6cf6;#e5a5ff;4214;9 years
764f517fc5ca9fe6dccfffff;#764f51;#7fc5ca;#9fe6dc;#cfffff;1250;10 years
f03861fef2f2f5d97e7d5e3f;#f03861;#fef2f2;#f5d97e;#7d5e3f;2205;8 years
002c6ae45171f8a79bf8d99b;#002c6a;#e45171;#f8a79b;#f8d99b;3134;9 years
d84040a31d1decdcbff8f2de;#d84040;#a31d1d;#ecdcbf;#f8f2de;4184;7 months
2e2b2b388186a5e9e1fdf6f6;#2e2b2b;#388186;#a5e9e1;#fdf6f6;3937;8 years
363b4e4f3b78927fbfc4bbf0;#363b4e;#4f3b78;#927fbf;#c4bbf0;4098;10 years
f87d09f6f6f6a7cdcc004a55;#f87d09;#f6f6f6;#a7cdcc;#004a55;3112;9 years
fbe6c2f0c929f48b29ac0d0d;#fbe6c2;#f0c929;#f48b29;#ac0d0d;5708;4 years
f8eeb4cfee91658525092a35;#f8eeb4;#cfee91;#658525;#092a35;2124;7 years
1e6f5c28967229bb89e6dd3b;#1e6f5c;#289672;#29bb89;#e6dd3b;6398;4 years
f6e3c5a0d9956cc4a14cacbc;#f6e3c5;#a0d995;#6cc4a1;#4cacbc;6485;3 years
f8f0e5eadbc8dac0a30f2c59;#f8f0e5;#eadbc8;#dac0a3;#0f2c59;11525;2 years
75cfb8bbdfc8f0e5d8ffc478;#75cfb8;#bbdfc8;#f0e5d8;#ffc478;7953;4 years
2f3032383a56b0a565ede68a;#2f3032;#383a56;#b0a565;#ede68a;1825;9 years
591fce0c9cee3dbdc2a1f480;#591fce;#0c9cee;#3dbdc2;#a1f480;2527;9 years
fd5d5dff8080fff7bcc0eda6;#fd5d5d;#ff8080;#fff7bc;#c0eda6;4791;3 years
fff5e08decb441b06e141e46;#fff5e0;#8decb4;#41b06e;#141e46;4024;1 year
0e2431fc3a52f9b248e8d5b7;#0e2431;#fc3a52;#f9b248;#e8d5b7;5010;8 years
2e94b9fffdc1f0b775fd5959;#2e94b9;#fffdc1;#f0b775;#fd5959;3366;8 years
0002490f4392ff5151ff8b8b;#000249;#0f4392;#ff5151;#ff8b8b;3830;7 years
bc658d82c4c3f9d89cf5a7a7;#bc658d;#82c4c3;#f9d89c;#f5a7a7;6334;5 years
eef2f5ea168e6125701eafed;#eef2f5;#ea168e;#612570;#1eafed;3988;6 years
0820322c394b334756ff4c29;#082032;#2c394b;#334756;#ff4c29;9040;4 years
f9f8ebffe1b67a9eb1415865;#f9f8eb;#ffe1b6;#7a9eb1;#415865;3689;8 years
f8f8f8f1d6abe3b04b2b2b28;#f8f8f8;#f1d6ab;#e3b04b;#2b2b28;6822;5 years
fcfcfc83ffe6ff5f5f2c2c2c;#fcfcfc;#83ffe6;#ff5f5f;#2c2c2c;4197;7 years
4b594566785f91ac8fb2c9ad;#4b5945;#66785f;#91ac8f;#b2c9ad;5924;9 months
696fc7a7aae1f5d3c4f2aebb;#696fc7;#a7aae1;#f5d3c4;#f2aebb;52;12 hours
ffe0f7fe91cad3dbff251f44;#ffe0f7;#fe91ca;#d3dbff;#251f44;5419;5 years
efecea334854e04462f9c535;#efecea;#334854;#e04462;#f9c535;2868;9 years
fbdff0f6c3e5a278b5381460;#fbdff0;#f6c3e5;#a278b5;#381460;6269;5 years
206a5d81b214ffcc29f58634;#206a5d;#81b214;#ffcc29;#f58634;8618;4 years
41646e4e7376c2be53e4e1b0;#41646e;#4e7376;#c2be53;#e4e1b0;878;9 years
799efffeffc4ffde63ffbc4c;#799eff;#feffc4;#ffde63;#ffbc4c;1871;2 months
a9eca2f5ffcbffe3b0f5c8bd;#a9eca2;#f5ffcb;#ffe3b0;#f5c8bd;4018;7 years
f99b7de76161b047598bacaa;#f99b7d;#e76161;#b04759;#8bacaa;5624;2 years
eeeeeeff9966e52b509c2542;#eeeeee;#ff9966;#e52b50;#9c2542;1964;9 years
f8ede3dfd3c3d0b8a87d6e83;#f8ede3;#dfd3c3;#d0b8a8;#7d6e83;22688;3 years
